"","Nfertnew","Age","region","location","seedyld"
"1",0,1,"North",NA,676.558035714286
"2",1,1,"North",NA,681.010824497768
"3",2,1,"North",NA,685.4173828125
"4",3,1,"North",NA,689.777710658482
"5",4,1,"North",NA,694.091808035715
"6",5,1,"North",NA,698.359674944197
"7",6,1,"North",NA,702.581311383929
"8",7,1,"North",NA,706.756717354911
"9",8,1,"North",NA,710.885892857143
"10",9,1,"North",NA,714.968837890625
"11",10,1,"North",NA,719.005552455357
"12",11,1,"North",NA,722.99603655134
"13",12,1,"North",NA,726.940290178572
"14",13,1,"North",NA,730.838313337054
"15",14,1,"North",NA,734.690106026786
"16",15,1,"North",NA,738.495668247768
"17",16,1,"North",NA,742.255
"18",17,1,"North",NA,745.968101283482
"19",18,1,"North",NA,749.634972098215
"20",19,1,"North",NA,753.255612444197
"21",20,1,"North",NA,756.830022321429
"22",21,1,"North",NA,760.358201729911
"23",22,1,"North",NA,763.840150669643
"24",23,1,"North",NA,767.275869140625
"25",24,1,"North",NA,770.665357142857
"26",25,1,"North",NA,774.00861467634
"27",26,1,"North",NA,777.305641741072
"28",27,1,"North",NA,780.556438337054
"29",28,1,"North",NA,783.761004464286
"30",29,1,"North",NA,786.919340122768
"31",30,1,"North",NA,790.0314453125
"32",31,1,"North",NA,793.097320033482
"33",32,1,"North",NA,796.116964285715
"34",33,1,"North",NA,799.090378069197
"35",34,1,"North",NA,802.017561383929
"36",35,1,"North",NA,804.898514229911
"37",36,1,"North",NA,807.733236607143
"38",37,1,"North",NA,810.521728515625
"39",38,1,"North",NA,813.263989955357
"40",39,1,"North",NA,815.96002092634
"41",40,1,"North",NA,818.609821428572
"42",41,1,"North",NA,821.213391462054
"43",42,1,"North",NA,823.770731026786
"44",43,1,"North",NA,826.281840122768
"45",44,1,"North",NA,828.74671875
"46",45,1,"North",NA,831.165366908482
"47",46,1,"North",NA,833.537784598215
"48",47,1,"North",NA,835.863971819197
"49",48,1,"North",NA,838.143928571429
"50",49,1,"North",NA,840.377654854911
"51",50,1,"North",NA,842.565150669643
"52",51,1,"North",NA,844.706416015625
"53",52,1,"North",NA,846.801450892858
"54",53,1,"North",NA,848.85025530134
"55",54,1,"North",NA,850.852829241072
"56",55,1,"North",NA,852.809172712054
"57",56,1,"North",NA,854.719285714286
"58",57,1,"North",NA,856.583168247768
"59",58,1,"North",NA,858.4008203125
"60",59,1,"North",NA,860.172241908483
"61",60,1,"North",NA,861.897433035715
"62",61,1,"North",NA,863.576393694197
"63",62,1,"North",NA,865.209123883929
"64",63,1,"North",NA,866.795623604911
"65",64,1,"North",NA,868.335892857143
"66",65,1,"North",NA,869.829931640625
"67",66,1,"North",NA,871.277739955358
"68",67,1,"North",NA,872.67931780134
"69",68,1,"North",NA,874.034665178572
"70",69,1,"North",NA,875.343782087054
"71",70,1,"North",NA,876.606668526786
"72",71,1,"North",NA,877.823324497768
"73",72,1,"North",NA,878.99375
"74",73,1,"North",NA,880.117945033483
"75",74,1,"North",NA,881.195909598215
"76",75,1,"North",NA,882.227643694197
"77",76,1,"North",NA,883.213147321429
"78",77,1,"North",NA,884.152420479911
"79",78,1,"North",NA,885.045463169643
"80",79,1,"North",NA,885.892275390625
"81",80,1,"North",NA,886.692857142858
"82",81,1,"North",NA,887.44720842634
"83",82,1,"North",NA,888.155329241072
"84",83,1,"North",NA,888.817219587054
"85",84,1,"North",NA,889.432879464286
"86",85,1,"North",NA,890.002308872768
"87",86,1,"North",NA,890.5255078125
"88",87,1,"North",NA,891.002476283483
"89",88,1,"North",NA,891.433214285715
"90",89,1,"North",NA,891.817721819197
"91",90,1,"North",NA,892.155998883929
"92",91,1,"North",NA,892.448045479911
"93",92,1,"North",NA,892.693861607143
"94",93,1,"North",NA,892.893447265625
"95",94,1,"North",NA,893.046802455358
"96",95,1,"North",NA,893.15392717634
"97",96,1,"North",NA,893.214821428572
"98",97,1,"North",NA,893.229485212054
"99",98,1,"North",NA,893.197918526786
"100",99,1,"North",NA,893.120121372768
"101",100,1,"North",NA,892.99609375
"102",101,1,"North",NA,892.825835658483
"103",102,1,"North",NA,892.609347098215
"104",103,1,"North",NA,892.346628069197
"105",104,1,"North",NA,892.037678571429
"106",105,1,"North",NA,891.682498604911
"107",106,1,"North",NA,891.281088169643
"108",107,1,"North",NA,890.833447265625
"109",108,1,"North",NA,890.339575892858
"110",109,1,"North",NA,889.79947405134
"111",110,1,"North",NA,889.213141741072
"112",111,1,"North",NA,888.580578962054
"113",112,1,"North",NA,887.901785714286
"114",113,1,"North",NA,887.176761997768
"115",114,1,"North",NA,886.4055078125
"116",115,1,"North",NA,885.588023158483
"117",116,1,"North",NA,884.724308035715
"118",117,1,"North",NA,883.814362444197
"119",118,1,"North",NA,882.858186383929
"120",119,1,"North",NA,881.855779854911
"121",120,1,"North",NA,880.807142857143
"122",121,1,"North",NA,879.712275390625
"123",122,1,"North",NA,878.571177455358
"124",123,1,"North",NA,877.38384905134
"125",124,1,"North",NA,876.150290178572
"126",125,1,"North",NA,874.870500837054
"127",126,1,"North",NA,873.544481026786
"128",127,1,"North",NA,872.172230747768
"129",128,1,"North",NA,870.75375
"130",129,1,"North",NA,869.289038783483
"131",130,1,"North",NA,867.778097098215
"132",131,1,"North",NA,866.220924944197
"133",132,1,"North",NA,864.617522321429
"134",133,1,"North",NA,862.967889229911
"135",134,1,"North",NA,861.272025669643
"136",135,1,"North",NA,859.529931640625
"137",136,1,"North",NA,857.741607142858
"138",137,1,"North",NA,855.90705217634
"139",138,1,"North",NA,854.026266741072
"140",139,1,"North",NA,852.099250837054
"141",140,1,"North",NA,850.126004464286
"142",141,1,"North",NA,848.106527622768
"143",142,1,"North",NA,846.0408203125
"144",143,1,"North",NA,843.928882533482
"145",144,1,"North",NA,841.770714285715
"146",145,1,"North",NA,839.566315569197
"147",146,1,"North",NA,837.315686383929
"148",147,1,"North",NA,835.018826729911
"149",148,1,"North",NA,832.675736607143
"150",149,1,"North",NA,830.286416015625
"151",150,1,"North",NA,827.850864955358
"152",151,1,"North",NA,825.36908342634
"153",152,1,"North",NA,822.841071428572
"154",153,1,"North",NA,820.266828962054
"155",154,1,"North",NA,817.646356026786
"156",155,1,"North",NA,814.979652622768
"157",156,1,"North",NA,812.26671875
"158",157,1,"North",NA,809.507554408483
"159",158,1,"North",NA,806.702159598215
"160",159,1,"North",NA,803.850534319197
"161",160,1,"North",NA,800.952678571429
"162",161,1,"North",NA,798.008592354911
"163",162,1,"North",NA,795.018275669643
"164",163,1,"North",NA,791.981728515625
"165",164,1,"North",NA,788.898950892857
"166",165,1,"North",NA,785.76994280134
"167",166,1,"North",NA,782.594704241072
"168",167,1,"North",NA,779.373235212054
"169",168,1,"North",NA,776.105535714286
"170",169,1,"North",NA,772.791605747768
"171",170,1,"North",NA,769.4314453125
"172",171,1,"North",NA,766.025054408482
"173",172,1,"North",NA,762.572433035715
"174",173,1,"North",NA,759.073581194197
"175",174,1,"North",NA,755.528498883929
"176",175,1,"North",NA,751.937186104911
"177",176,1,"North",NA,748.299642857143
"178",177,1,"North",NA,744.615869140625
"179",178,1,"North",NA,740.885864955357
"180",179,1,"North",NA,737.10963030134
"181",180,1,"North",NA,733.287165178572
"182",181,1,"North",NA,729.418469587054
"183",182,1,"North",NA,725.503543526786
"184",183,1,"North",NA,721.542386997768
"185",184,1,"North",NA,717.535
"186",185,1,"North",NA,713.481382533482
"187",186,1,"North",NA,709.381534598215
"188",187,1,"North",NA,705.235456194197
"189",188,1,"North",NA,701.043147321429
"190",189,1,"North",NA,696.804607979911
"191",190,1,"North",NA,692.519838169643
"192",191,1,"North",NA,688.188837890625
"193",192,1,"North",NA,683.811607142858
"194",193,1,"North",NA,679.388145926339
"195",194,1,"North",NA,674.918454241072
"196",195,1,"North",NA,670.402532087054
"197",196,1,"North",NA,665.840379464286
"198",197,1,"North",NA,661.231996372768
"199",198,1,"North",NA,656.5773828125
"200",199,1,"North",NA,651.876538783482
"201",200,1,"North",NA,647.129464285715
"202",0,2,"North",NA,112.275629797999
"203",1,2,"North",NA,118.724039152073
"204",2,2,"North",NA,125.094950755425
"205",3,2,"North",NA,131.388364608056
"206",4,2,"North",NA,137.604280709965
"207",5,2,"North",NA,143.742699061153
"208",6,2,"North",NA,149.80361966162
"209",7,2,"North",NA,155.787042511365
"210",8,2,"North",NA,161.692967610388
"211",9,2,"North",NA,167.521394958691
"212",10,2,"North",NA,173.272324556271
"213",11,2,"North",NA,178.945756403131
"214",12,2,"North",NA,184.541690499269
"215",13,2,"North",NA,190.060126844685
"216",14,2,"North",NA,195.50106543938
"217",15,2,"North",NA,200.864506283354
"218",16,2,"North",NA,206.150449376606
"219",17,2,"North",NA,211.358894719137
"220",18,2,"North",NA,216.489842310946
"221",19,2,"North",NA,221.543292152034
"222",20,2,"North",NA,226.519244242401
"223",21,2,"North",NA,231.417698582046
"224",22,2,"North",NA,236.238655170969
"225",23,2,"North",NA,240.982114009172
"226",24,2,"North",NA,245.648075096652
"227",25,2,"North",NA,250.236538433412
"228",26,2,"North",NA,254.74750401945
"229",27,2,"North",NA,259.180971854766
"230",28,2,"North",NA,263.536941939361
"231",29,2,"North",NA,267.815414273235
"232",30,2,"North",NA,272.016388856387
"233",31,2,"North",NA,276.139865688818
"234",32,2,"North",NA,280.185844770527
"235",33,2,"North",NA,284.154326101515
"236",34,2,"North",NA,288.045309681781
"237",35,2,"North",NA,291.858795511326
"238",36,2,"North",NA,295.59478359015
"239",37,2,"North",NA,299.253273918252
"240",38,2,"North",NA,302.834266495633
"241",39,2,"North",NA,306.337761322292
"242",40,2,"North",NA,309.76375839823
"243",41,2,"North",NA,313.112257723446
"244",42,2,"North",NA,316.383259297941
"245",43,2,"North",NA,319.576763121715
"246",44,2,"North",NA,322.692769194767
"247",45,2,"North",NA,325.731277517098
"248",46,2,"North",NA,328.692288088707
"249",47,2,"North",NA,331.575800909595
"250",48,2,"North",NA,334.381815979761
"251",49,2,"North",NA,337.110333299206
"252",50,2,"North",NA,339.76135286793
"253",51,2,"North",NA,342.334874685932
"254",52,2,"North",NA,344.830898753213
"255",53,2,"North",NA,347.249425069772
"256",54,2,"North",NA,349.59045363561
"257",55,2,"North",NA,351.853984450726
"258",56,2,"North",NA,354.040017515121
"259",57,2,"North",NA,356.148552828795
"260",58,2,"North",NA,358.179590391747
"261",59,2,"North",NA,360.133130203977
"262",60,2,"North",NA,362.009172265487
"263",61,2,"North",NA,363.807716576274
"264",62,2,"North",NA,365.528763136341
"265",63,2,"North",NA,367.172311945686
"266",64,2,"North",NA,368.738363004309
"267",65,2,"North",NA,370.226916312211
"268",66,2,"North",NA,371.637971869392
"269",67,2,"North",NA,372.971529675851
"270",68,2,"North",NA,374.227589731589
"271",69,2,"North",NA,375.406152036605
"272",70,2,"North",NA,376.5072165909
"273",71,2,"North",NA,377.530783394474
"274",72,2,"North",NA,378.476852447326
"275",73,2,"North",NA,379.345423749457
"276",74,2,"North",NA,380.136497300866
"277",75,2,"North",NA,380.850073101554
"278",76,2,"North",NA,381.48615115152
"279",77,2,"North",NA,382.044731450765
"280",78,2,"North",NA,382.525813999288
"281",79,2,"North",NA,382.92939879709
"282",80,2,"North",NA,383.255485844171
"283",81,2,"North",NA,383.50407514053
"284",82,2,"North",NA,383.675166686168
"285",83,2,"North",NA,383.768760481084
"286",84,2,"North",NA,383.784856525279
"287",85,2,"North",NA,383.723454818753
"288",86,2,"North",NA,383.584555361505
"289",87,2,"North",NA,383.368158153535
"290",88,2,"North",NA,383.074263194844
"291",89,2,"North",NA,382.702870485432
"292",90,2,"North",NA,382.253980025299
"293",91,2,"North",NA,381.727591814443
"294",92,2,"North",NA,381.123705852867
"295",93,2,"North",NA,380.442322140569
"296",94,2,"North",NA,379.68344067755
"297",95,2,"North",NA,378.847061463809
"298",96,2,"North",NA,377.933184499346
"299",97,2,"North",NA,376.941809784163
"300",98,2,"North",NA,375.872937318258
"301",99,2,"North",NA,374.726567101631
"302",100,2,"North",NA,373.502699134283
"303",101,2,"North",NA,372.201333416214
"304",102,2,"North",NA,370.822469947423
"305",103,2,"North",NA,369.366108727911
"306",104,2,"North",NA,367.832249757677
"307",105,2,"North",NA,366.220893036722
"308",106,2,"North",NA,364.532038565045
"309",107,2,"North",NA,362.765686342647
"310",108,2,"North",NA,360.921836369528
"311",109,2,"North",NA,359.000488645687
"312",110,2,"North",NA,357.001643171124
"313",111,2,"North",NA,354.925299945841
"314",112,2,"North",NA,352.771458969836
"315",113,2,"North",NA,350.540120243109
"316",114,2,"North",NA,348.231283765661
"317",115,2,"North",NA,345.844949537492
"318",116,2,"North",NA,343.381117558601
"319",117,2,"North",NA,340.839787828988
"320",118,2,"North",NA,338.220960348655
"321",119,2,"North",NA,335.524635117599
"322",120,2,"North",NA,332.750812135823
"323",121,2,"North",NA,329.899491403325
"324",122,2,"North",NA,NA
"325",123,2,"North",NA,NA
"326",124,2,"North",NA,NA
"327",125,2,"North",NA,NA
"328",126,2,"North",NA,NA
"329",127,2,"North",NA,NA
"330",128,2,"North",NA,NA
"331",129,2,"North",NA,NA
"332",130,2,"North",NA,NA
"333",131,2,"North",NA,NA
"334",132,2,"North",NA,NA
"335",133,2,"North",NA,NA
"336",134,2,"North",NA,NA
"337",135,2,"North",NA,NA
"338",136,2,"North",NA,NA
"339",137,2,"North",NA,NA
"340",138,2,"North",NA,NA
"341",139,2,"North",NA,NA
"342",140,2,"North",NA,NA
"343",141,2,"North",NA,NA
"344",142,2,"North",NA,NA
"345",143,2,"North",NA,NA
"346",144,2,"North",NA,NA
"347",145,2,"North",NA,NA
"348",146,2,"North",NA,NA
"349",147,2,"North",NA,NA
"350",148,2,"North",NA,NA
"351",149,2,"North",NA,NA
"352",150,2,"North",NA,NA
"353",151,2,"North",NA,NA
"354",152,2,"North",NA,NA
"355",153,2,"North",NA,NA
"356",154,2,"North",NA,NA
"357",155,2,"North",NA,NA
"358",156,2,"North",NA,NA
"359",157,2,"North",NA,NA
"360",158,2,"North",NA,NA
"361",159,2,"North",NA,NA
"362",160,2,"North",NA,NA
"363",161,2,"North",NA,NA
"364",162,2,"North",NA,NA
"365",163,2,"North",NA,NA
"366",164,2,"North",NA,NA
"367",165,2,"North",NA,NA
"368",166,2,"North",NA,NA
"369",167,2,"North",NA,NA
"370",168,2,"North",NA,NA
"371",169,2,"North",NA,NA
"372",170,2,"North",NA,NA
"373",171,2,"North",NA,NA
"374",172,2,"North",NA,NA
"375",173,2,"North",NA,NA
"376",174,2,"North",NA,NA
"377",175,2,"North",NA,NA
"378",176,2,"North",NA,NA
"379",177,2,"North",NA,NA
"380",178,2,"North",NA,NA
"381",179,2,"North",NA,NA
"382",180,2,"North",NA,NA
"383",181,2,"North",NA,NA
"384",182,2,"North",NA,NA
"385",183,2,"North",NA,NA
"386",184,2,"North",NA,NA
"387",185,2,"North",NA,NA
"388",186,2,"North",NA,NA
"389",187,2,"North",NA,NA
"390",188,2,"North",NA,NA
"391",189,2,"North",NA,NA
"392",190,2,"North",NA,NA
"393",191,2,"North",NA,NA
"394",192,2,"North",NA,NA
"395",193,2,"North",NA,NA
"396",194,2,"North",NA,NA
"397",195,2,"North",NA,NA
"398",196,2,"North",NA,NA
"399",197,2,"North",NA,NA
"400",198,2,"North",NA,NA
"401",199,2,"North",NA,NA
"402",200,2,"North",NA,NA
"403",0,3,"North",NA,NA
"404",1,3,"North",NA,NA
"405",2,3,"North",NA,NA
"406",3,3,"North",NA,NA
"407",4,3,"North",NA,NA
"408",5,3,"North",NA,NA
"409",6,3,"North",NA,NA
"410",7,3,"North",NA,NA
"411",8,3,"North",NA,NA
"412",9,3,"North",NA,NA
"413",10,3,"North",NA,NA
"414",11,3,"North",NA,NA
"415",12,3,"North",NA,NA
"416",13,3,"North",NA,NA
"417",14,3,"North",NA,NA
"418",15,3,"North",NA,NA
"419",16,3,"North",NA,NA
"420",17,3,"North",NA,NA
"421",18,3,"North",NA,NA
"422",19,3,"North",NA,NA
"423",20,3,"North",NA,NA
"424",21,3,"North",NA,NA
"425",22,3,"North",NA,NA
"426",23,3,"North",NA,NA
"427",24,3,"North",NA,NA
"428",25,3,"North",NA,NA
"429",26,3,"North",NA,NA
"430",27,3,"North",NA,NA
"431",28,3,"North",NA,NA
"432",29,3,"North",NA,NA
"433",30,3,"North",NA,NA
"434",31,3,"North",NA,NA
"435",32,3,"North",NA,NA
"436",33,3,"North",NA,NA
"437",34,3,"North",NA,NA
"438",35,3,"North",NA,NA
"439",36,3,"North",NA,NA
"440",37,3,"North",NA,NA
"441",38,3,"North",NA,NA
"442",39,3,"North",NA,NA
"443",40,3,"North",NA,NA
"444",41,3,"North",NA,NA
"445",42,3,"North",NA,NA
"446",43,3,"North",NA,NA
"447",44,3,"North",NA,NA
"448",45,3,"North",NA,NA
"449",46,3,"North",NA,NA
"450",47,3,"North",NA,NA
"451",48,3,"North",NA,NA
"452",49,3,"North",NA,NA
"453",50,3,"North",NA,NA
"454",51,3,"North",NA,NA
"455",52,3,"North",NA,NA
"456",53,3,"North",NA,NA
"457",54,3,"North",NA,NA
"458",55,3,"North",NA,NA
"459",56,3,"North",NA,NA
"460",57,3,"North",NA,NA
"461",58,3,"North",NA,NA
"462",59,3,"North",NA,NA
"463",60,3,"North",NA,NA
"464",61,3,"North",NA,NA
"465",62,3,"North",NA,NA
"466",63,3,"North",NA,NA
"467",64,3,"North",NA,NA
"468",65,3,"North",NA,NA
"469",66,3,"North",NA,NA
"470",67,3,"North",NA,NA
"471",68,3,"North",NA,NA
"472",69,3,"North",NA,NA
"473",70,3,"North",NA,NA
"474",71,3,"North",NA,NA
"475",72,3,"North",NA,NA
"476",73,3,"North",NA,NA
"477",74,3,"North",NA,NA
"478",75,3,"North",NA,NA
"479",76,3,"North",NA,NA
"480",77,3,"North",NA,NA
"481",78,3,"North",NA,NA
"482",79,3,"North",NA,NA
"483",80,3,"North",NA,NA
"484",81,3,"North",NA,NA
"485",82,3,"North",NA,NA
"486",83,3,"North",NA,NA
"487",84,3,"North",NA,NA
"488",85,3,"North",NA,NA
"489",86,3,"North",NA,NA
"490",87,3,"North",NA,NA
"491",88,3,"North",NA,NA
"492",89,3,"North",NA,NA
"493",90,3,"North",NA,NA
"494",91,3,"North",NA,NA
"495",92,3,"North",NA,NA
"496",93,3,"North",NA,NA
"497",94,3,"North",NA,NA
"498",95,3,"North",NA,NA
"499",96,3,"North",NA,NA
"500",97,3,"North",NA,NA
"501",98,3,"North",NA,NA
"502",99,3,"North",NA,NA
"503",100,3,"North",NA,NA
"504",101,3,"North",NA,NA
"505",102,3,"North",NA,NA
"506",103,3,"North",NA,NA
"507",104,3,"North",NA,NA
"508",105,3,"North",NA,NA
"509",106,3,"North",NA,NA
"510",107,3,"North",NA,NA
"511",108,3,"North",NA,NA
"512",109,3,"North",NA,NA
"513",110,3,"North",NA,NA
"514",111,3,"North",NA,NA
"515",112,3,"North",NA,NA
"516",113,3,"North",NA,NA
"517",114,3,"North",NA,NA
"518",115,3,"North",NA,NA
"519",116,3,"North",NA,NA
"520",117,3,"North",NA,NA
"521",118,3,"North",NA,NA
"522",119,3,"North",NA,NA
"523",120,3,"North",NA,NA
"524",121,3,"North",NA,NA
"525",122,3,"North",NA,NA
"526",123,3,"North",NA,NA
"527",124,3,"North",NA,NA
"528",125,3,"North",NA,NA
"529",126,3,"North",NA,NA
"530",127,3,"North",NA,NA
"531",128,3,"North",NA,NA
"532",129,3,"North",NA,NA
"533",130,3,"North",NA,NA
"534",131,3,"North",NA,NA
"535",132,3,"North",NA,NA
"536",133,3,"North",NA,NA
"537",134,3,"North",NA,NA
"538",135,3,"North",NA,NA
"539",136,3,"North",NA,NA
"540",137,3,"North",NA,NA
"541",138,3,"North",NA,NA
"542",139,3,"North",NA,NA
"543",140,3,"North",NA,NA
"544",141,3,"North",NA,NA
"545",142,3,"North",NA,NA
"546",143,3,"North",NA,NA
"547",144,3,"North",NA,NA
"548",145,3,"North",NA,NA
"549",146,3,"North",NA,NA
"550",147,3,"North",NA,NA
"551",148,3,"North",NA,NA
"552",149,3,"North",NA,NA
"553",150,3,"North",NA,NA
"554",151,3,"North",NA,NA
"555",152,3,"North",NA,NA
"556",153,3,"North",NA,NA
"557",154,3,"North",NA,NA
"558",155,3,"North",NA,NA
"559",156,3,"North",NA,NA
"560",157,3,"North",NA,NA
"561",158,3,"North",NA,NA
"562",159,3,"North",NA,NA
"563",160,3,"North",NA,NA
"564",161,3,"North",NA,NA
"565",162,3,"North",NA,NA
"566",163,3,"North",NA,NA
"567",164,3,"North",NA,NA
"568",165,3,"North",NA,NA
"569",166,3,"North",NA,NA
"570",167,3,"North",NA,NA
"571",168,3,"North",NA,NA
"572",169,3,"North",NA,NA
"573",170,3,"North",NA,NA
"574",171,3,"North",NA,NA
"575",172,3,"North",NA,NA
"576",173,3,"North",NA,NA
"577",174,3,"North",NA,NA
"578",175,3,"North",NA,NA
"579",176,3,"North",NA,NA
"580",177,3,"North",NA,NA
"581",178,3,"North",NA,NA
"582",179,3,"North",NA,NA
"583",180,3,"North",NA,NA
"584",181,3,"North",NA,NA
"585",182,3,"North",NA,NA
"586",183,3,"North",NA,NA
"587",184,3,"North",NA,NA
"588",185,3,"North",NA,NA
"589",186,3,"North",NA,NA
"590",187,3,"North",NA,NA
"591",188,3,"North",NA,NA
"592",189,3,"North",NA,NA
"593",190,3,"North",NA,NA
"594",191,3,"North",NA,NA
"595",192,3,"North",NA,NA
"596",193,3,"North",NA,NA
"597",194,3,"North",NA,NA
"598",195,3,"North",NA,NA
"599",196,3,"North",NA,NA
"600",197,3,"North",NA,NA
"601",198,3,"North",NA,NA
"602",199,3,"North",NA,NA
"603",200,3,"North",NA,NA
"604",0,4,"North",NA,NA
"605",1,4,"North",NA,NA
"606",2,4,"North",NA,NA
"607",3,4,"North",NA,NA
"608",4,4,"North",NA,NA
"609",5,4,"North",NA,NA
"610",6,4,"North",NA,NA
"611",7,4,"North",NA,NA
"612",8,4,"North",NA,NA
"613",9,4,"North",NA,NA
"614",10,4,"North",NA,NA
"615",11,4,"North",NA,NA
"616",12,4,"North",NA,NA
"617",13,4,"North",NA,NA
"618",14,4,"North",NA,NA
"619",15,4,"North",NA,NA
"620",16,4,"North",NA,NA
"621",17,4,"North",NA,NA
"622",18,4,"North",NA,NA
"623",19,4,"North",NA,NA
"624",20,4,"North",NA,NA
"625",21,4,"North",NA,NA
"626",22,4,"North",NA,NA
"627",23,4,"North",NA,NA
"628",24,4,"North",NA,NA
"629",25,4,"North",NA,NA
"630",26,4,"North",NA,NA
"631",27,4,"North",NA,NA
"632",28,4,"North",NA,NA
"633",29,4,"North",NA,NA
"634",30,4,"North",NA,NA
"635",31,4,"North",NA,NA
"636",32,4,"North",NA,NA
"637",33,4,"North",NA,NA
"638",34,4,"North",NA,NA
"639",35,4,"North",NA,NA
"640",36,4,"North",NA,NA
"641",37,4,"North",NA,NA
"642",38,4,"North",NA,NA
"643",39,4,"North",NA,NA
"644",40,4,"North",NA,NA
"645",41,4,"North",NA,NA
"646",42,4,"North",NA,NA
"647",43,4,"North",NA,NA
"648",44,4,"North",NA,NA
"649",45,4,"North",NA,NA
"650",46,4,"North",NA,NA
"651",47,4,"North",NA,NA
"652",48,4,"North",NA,NA
"653",49,4,"North",NA,NA
"654",50,4,"North",NA,NA
"655",51,4,"North",NA,NA
"656",52,4,"North",NA,NA
"657",53,4,"North",NA,NA
"658",54,4,"North",NA,NA
"659",55,4,"North",NA,NA
"660",56,4,"North",NA,NA
"661",57,4,"North",NA,NA
"662",58,4,"North",NA,NA
"663",59,4,"North",NA,NA
"664",60,4,"North",NA,NA
"665",61,4,"North",NA,NA
"666",62,4,"North",NA,NA
"667",63,4,"North",NA,NA
"668",64,4,"North",NA,NA
"669",65,4,"North",NA,NA
"670",66,4,"North",NA,NA
"671",67,4,"North",NA,NA
"672",68,4,"North",NA,NA
"673",69,4,"North",NA,NA
"674",70,4,"North",NA,NA
"675",71,4,"North",NA,NA
"676",72,4,"North",NA,NA
"677",73,4,"North",NA,NA
"678",74,4,"North",NA,NA
"679",75,4,"North",NA,NA
"680",76,4,"North",NA,NA
"681",77,4,"North",NA,NA
"682",78,4,"North",NA,NA
"683",79,4,"North",NA,NA
"684",80,4,"North",NA,NA
"685",81,4,"North",NA,NA
"686",82,4,"North",NA,NA
"687",83,4,"North",NA,NA
"688",84,4,"North",NA,NA
"689",85,4,"North",NA,NA
"690",86,4,"North",NA,NA
"691",87,4,"North",NA,NA
"692",88,4,"North",NA,NA
"693",89,4,"North",NA,NA
"694",90,4,"North",NA,NA
"695",91,4,"North",NA,NA
"696",92,4,"North",NA,NA
"697",93,4,"North",NA,NA
"698",94,4,"North",NA,NA
"699",95,4,"North",NA,NA
"700",96,4,"North",NA,NA
"701",97,4,"North",NA,NA
"702",98,4,"North",NA,NA
"703",99,4,"North",NA,NA
"704",100,4,"North",NA,NA
"705",101,4,"North",NA,NA
"706",102,4,"North",NA,NA
"707",103,4,"North",NA,NA
"708",104,4,"North",NA,NA
"709",105,4,"North",NA,NA
"710",106,4,"North",NA,NA
"711",107,4,"North",NA,NA
"712",108,4,"North",NA,NA
"713",109,4,"North",NA,NA
"714",110,4,"North",NA,NA
"715",111,4,"North",NA,NA
"716",112,4,"North",NA,NA
"717",113,4,"North",NA,NA
"718",114,4,"North",NA,NA
"719",115,4,"North",NA,NA
"720",116,4,"North",NA,NA
"721",117,4,"North",NA,NA
"722",118,4,"North",NA,NA
"723",119,4,"North",NA,NA
"724",120,4,"North",NA,NA
"725",121,4,"North",NA,NA
"726",122,4,"North",NA,NA
"727",123,4,"North",NA,NA
"728",124,4,"North",NA,NA
"729",125,4,"North",NA,NA
"730",126,4,"North",NA,NA
"731",127,4,"North",NA,NA
"732",128,4,"North",NA,NA
"733",129,4,"North",NA,NA
"734",130,4,"North",NA,NA
"735",131,4,"North",NA,NA
"736",132,4,"North",NA,NA
"737",133,4,"North",NA,NA
"738",134,4,"North",NA,NA
"739",135,4,"North",NA,NA
"740",136,4,"North",NA,NA
"741",137,4,"North",NA,NA
"742",138,4,"North",NA,NA
"743",139,4,"North",NA,NA
"744",140,4,"North",NA,NA
"745",141,4,"North",NA,NA
"746",142,4,"North",NA,NA
"747",143,4,"North",NA,NA
"748",144,4,"North",NA,NA
"749",145,4,"North",NA,NA
"750",146,4,"North",NA,NA
"751",147,4,"North",NA,NA
"752",148,4,"North",NA,NA
"753",149,4,"North",NA,NA
"754",150,4,"North",NA,NA
"755",151,4,"North",NA,NA
"756",152,4,"North",NA,NA
"757",153,4,"North",NA,NA
"758",154,4,"North",NA,NA
"759",155,4,"North",NA,NA
"760",156,4,"North",NA,NA
"761",157,4,"North",NA,NA
"762",158,4,"North",NA,NA
"763",159,4,"North",NA,NA
"764",160,4,"North",NA,NA
"765",161,4,"North",NA,NA
"766",162,4,"North",NA,NA
"767",163,4,"North",NA,NA
"768",164,4,"North",NA,NA
"769",165,4,"North",NA,NA
"770",166,4,"North",NA,NA
"771",167,4,"North",NA,NA
"772",168,4,"North",NA,NA
"773",169,4,"North",NA,NA
"774",170,4,"North",NA,NA
"775",171,4,"North",NA,NA
"776",172,4,"North",NA,NA
"777",173,4,"North",NA,NA
"778",174,4,"North",NA,NA
"779",175,4,"North",NA,NA
"780",176,4,"North",NA,NA
"781",177,4,"North",NA,NA
"782",178,4,"North",NA,NA
"783",179,4,"North",NA,NA
"784",180,4,"North",NA,NA
"785",181,4,"North",NA,NA
"786",182,4,"North",NA,NA
"787",183,4,"North",NA,NA
"788",184,4,"North",NA,NA
"789",185,4,"North",NA,NA
"790",186,4,"North",NA,NA
"791",187,4,"North",NA,NA
"792",188,4,"North",NA,NA
"793",189,4,"North",NA,NA
"794",190,4,"North",NA,NA
"795",191,4,"North",NA,NA
"796",192,4,"North",NA,NA
"797",193,4,"North",NA,NA
"798",194,4,"North",NA,NA
"799",195,4,"North",NA,NA
"800",196,4,"North",NA,NA
"801",197,4,"North",NA,NA
"802",198,4,"North",NA,NA
"803",199,4,"North",NA,NA
"804",200,4,"North",NA,NA
"805",0,1,"South",NA,NA
"806",1,1,"South",NA,NA
"807",2,1,"South",NA,NA
"808",3,1,"South",NA,NA
"809",4,1,"South",NA,NA
"810",5,1,"South",NA,NA
"811",6,1,"South",NA,NA
"812",7,1,"South",NA,NA
"813",8,1,"South",NA,NA
"814",9,1,"South",NA,NA
"815",10,1,"South",NA,NA
"816",11,1,"South",NA,NA
"817",12,1,"South",NA,NA
"818",13,1,"South",NA,NA
"819",14,1,"South",NA,NA
"820",15,1,"South",NA,NA
"821",16,1,"South",NA,NA
"822",17,1,"South",NA,NA
"823",18,1,"South",NA,NA
"824",19,1,"South",NA,NA
"825",20,1,"South",NA,NA
"826",21,1,"South",NA,NA
"827",22,1,"South",NA,NA
"828",23,1,"South",NA,NA
"829",24,1,"South",NA,NA
"830",25,1,"South",NA,NA
"831",26,1,"South",NA,NA
"832",27,1,"South",NA,NA
"833",28,1,"South",NA,NA
"834",29,1,"South",NA,NA
"835",30,1,"South",NA,NA
"836",31,1,"South",NA,NA
"837",32,1,"South",NA,NA
"838",33,1,"South",NA,NA
"839",34,1,"South",NA,NA
"840",35,1,"South",NA,NA
"841",36,1,"South",NA,NA
"842",37,1,"South",NA,NA
"843",38,1,"South",NA,NA
"844",39,1,"South",NA,NA
"845",40,1,"South",NA,NA
"846",41,1,"South",NA,NA
"847",42,1,"South",NA,NA
"848",43,1,"South",NA,NA
"849",44,1,"South",NA,NA
"850",45,1,"South",NA,NA
"851",46,1,"South",NA,NA
"852",47,1,"South",NA,NA
"853",48,1,"South",NA,NA
"854",49,1,"South",NA,NA
"855",50,1,"South",NA,NA
"856",51,1,"South",NA,NA
"857",52,1,"South",NA,NA
"858",53,1,"South",NA,NA
"859",54,1,"South",NA,NA
"860",55,1,"South",NA,NA
"861",56,1,"South",NA,NA
"862",57,1,"South",NA,NA
"863",58,1,"South",NA,NA
"864",59,1,"South",NA,NA
"865",60,1,"South",NA,NA
"866",61,1,"South",NA,NA
"867",62,1,"South",NA,NA
"868",63,1,"South",NA,NA
"869",64,1,"South",NA,NA
"870",65,1,"South",NA,NA
"871",66,1,"South",NA,NA
"872",67,1,"South",NA,NA
"873",68,1,"South",NA,NA
"874",69,1,"South",NA,NA
"875",70,1,"South",NA,NA
"876",71,1,"South",NA,NA
"877",72,1,"South",NA,NA
"878",73,1,"South",NA,NA
"879",74,1,"South",NA,NA
"880",75,1,"South",NA,NA
"881",76,1,"South",NA,NA
"882",77,1,"South",NA,NA
"883",78,1,"South",NA,NA
"884",79,1,"South",NA,NA
"885",80,1,"South",NA,NA
"886",81,1,"South",NA,NA
"887",82,1,"South",NA,NA
"888",83,1,"South",NA,NA
"889",84,1,"South",NA,NA
"890",85,1,"South",NA,NA
"891",86,1,"South",NA,NA
"892",87,1,"South",NA,NA
"893",88,1,"South",NA,NA
"894",89,1,"South",NA,NA
"895",90,1,"South",NA,NA
"896",91,1,"South",NA,NA
"897",92,1,"South",NA,NA
"898",93,1,"South",NA,NA
"899",94,1,"South",NA,NA
"900",95,1,"South",NA,NA
"901",96,1,"South",NA,NA
"902",97,1,"South",NA,NA
"903",98,1,"South",NA,NA
"904",99,1,"South",NA,NA
"905",100,1,"South",NA,NA
"906",101,1,"South",NA,NA
"907",102,1,"South",NA,NA
"908",103,1,"South",NA,NA
"909",104,1,"South",NA,NA
"910",105,1,"South",NA,NA
"911",106,1,"South",NA,NA
"912",107,1,"South",NA,NA
"913",108,1,"South",NA,NA
"914",109,1,"South",NA,NA
"915",110,1,"South",NA,NA
"916",111,1,"South",NA,NA
"917",112,1,"South",NA,NA
"918",113,1,"South",NA,NA
"919",114,1,"South",NA,NA
"920",115,1,"South",NA,NA
"921",116,1,"South",NA,NA
"922",117,1,"South",NA,NA
"923",118,1,"South",NA,NA
"924",119,1,"South",NA,NA
"925",120,1,"South",NA,NA
"926",121,1,"South",NA,NA
"927",122,1,"South",NA,NA
"928",123,1,"South",NA,NA
"929",124,1,"South",NA,NA
"930",125,1,"South",NA,NA
"931",126,1,"South",NA,NA
"932",127,1,"South",NA,NA
"933",128,1,"South",NA,NA
"934",129,1,"South",NA,NA
"935",130,1,"South",NA,NA
"936",131,1,"South",NA,NA
"937",132,1,"South",NA,NA
"938",133,1,"South",NA,NA
"939",134,1,"South",NA,NA
"940",135,1,"South",NA,NA
"941",136,1,"South",NA,NA
"942",137,1,"South",NA,NA
"943",138,1,"South",NA,NA
"944",139,1,"South",NA,NA
"945",140,1,"South",NA,NA
"946",141,1,"South",NA,NA
"947",142,1,"South",NA,NA
"948",143,1,"South",NA,NA
"949",144,1,"South",NA,NA
"950",145,1,"South",NA,NA
"951",146,1,"South",NA,NA
"952",147,1,"South",NA,NA
"953",148,1,"South",NA,NA
"954",149,1,"South",NA,NA
"955",150,1,"South",NA,NA
"956",151,1,"South",NA,NA
"957",152,1,"South",NA,NA
"958",153,1,"South",NA,NA
"959",154,1,"South",NA,NA
"960",155,1,"South",NA,NA
"961",156,1,"South",NA,NA
"962",157,1,"South",NA,NA
"963",158,1,"South",NA,NA
"964",159,1,"South",NA,NA
"965",160,1,"South",NA,NA
"966",161,1,"South",NA,NA
"967",162,1,"South",NA,NA
"968",163,1,"South",NA,NA
"969",164,1,"South",NA,NA
"970",165,1,"South",NA,NA
"971",166,1,"South",NA,NA
"972",167,1,"South",NA,NA
"973",168,1,"South",NA,NA
"974",169,1,"South",NA,NA
"975",170,1,"South",NA,NA
"976",171,1,"South",NA,NA
"977",172,1,"South",NA,NA
"978",173,1,"South",NA,NA
"979",174,1,"South",NA,NA
"980",175,1,"South",NA,NA
"981",176,1,"South",NA,NA
"982",177,1,"South",NA,NA
"983",178,1,"South",NA,NA
"984",179,1,"South",NA,NA
"985",180,1,"South",NA,NA
"986",181,1,"South",NA,NA
"987",182,1,"South",NA,NA
"988",183,1,"South",NA,NA
"989",184,1,"South",NA,NA
"990",185,1,"South",NA,NA
"991",186,1,"South",NA,NA
"992",187,1,"South",NA,NA
"993",188,1,"South",NA,NA
"994",189,1,"South",NA,NA
"995",190,1,"South",NA,NA
"996",191,1,"South",NA,NA
"997",192,1,"South",NA,NA
"998",193,1,"South",NA,NA
"999",194,1,"South",NA,NA
"1000",195,1,"South",NA,NA
"1001",196,1,"South",NA,NA
"1002",197,1,"South",NA,NA
"1003",198,1,"South",NA,NA
"1004",199,1,"South",NA,NA
"1005",200,1,"South",NA,NA
"1006",0,2,"South",NA,NA
"1007",1,2,"South",NA,NA
"1008",2,2,"South",NA,NA
"1009",3,2,"South",NA,NA
"1010",4,2,"South",NA,NA
"1011",5,2,"South",NA,NA
"1012",6,2,"South",NA,NA
"1013",7,2,"South",NA,NA
"1014",8,2,"South",NA,NA
"1015",9,2,"South",NA,NA
"1016",10,2,"South",NA,NA
"1017",11,2,"South",NA,NA
"1018",12,2,"South",NA,NA
"1019",13,2,"South",NA,NA
"1020",14,2,"South",NA,NA
"1021",15,2,"South",NA,NA
"1022",16,2,"South",NA,NA
"1023",17,2,"South",NA,NA
"1024",18,2,"South",NA,NA
"1025",19,2,"South",NA,NA
"1026",20,2,"South",NA,NA
"1027",21,2,"South",NA,NA
"1028",22,2,"South",NA,NA
"1029",23,2,"South",NA,NA
"1030",24,2,"South",NA,NA
"1031",25,2,"South",NA,NA
"1032",26,2,"South",NA,NA
"1033",27,2,"South",NA,NA
"1034",28,2,"South",NA,NA
"1035",29,2,"South",NA,NA
"1036",30,2,"South",NA,NA
"1037",31,2,"South",NA,NA
"1038",32,2,"South",NA,NA
"1039",33,2,"South",NA,NA
"1040",34,2,"South",NA,NA
"1041",35,2,"South",NA,NA
"1042",36,2,"South",NA,NA
"1043",37,2,"South",NA,NA
"1044",38,2,"South",NA,NA
"1045",39,2,"South",NA,NA
"1046",40,2,"South",NA,NA
"1047",41,2,"South",NA,NA
"1048",42,2,"South",NA,NA
"1049",43,2,"South",NA,NA
"1050",44,2,"South",NA,NA
"1051",45,2,"South",NA,NA
"1052",46,2,"South",NA,NA
"1053",47,2,"South",NA,NA
"1054",48,2,"South",NA,NA
"1055",49,2,"South",NA,NA
"1056",50,2,"South",NA,NA
"1057",51,2,"South",NA,NA
"1058",52,2,"South",NA,NA
"1059",53,2,"South",NA,NA
"1060",54,2,"South",NA,NA
"1061",55,2,"South",NA,NA
"1062",56,2,"South",NA,NA
"1063",57,2,"South",NA,NA
"1064",58,2,"South",NA,NA
"1065",59,2,"South",NA,NA
"1066",60,2,"South",NA,NA
"1067",61,2,"South",NA,NA
"1068",62,2,"South",NA,NA
"1069",63,2,"South",NA,NA
"1070",64,2,"South",NA,NA
"1071",65,2,"South",NA,NA
"1072",66,2,"South",NA,NA
"1073",67,2,"South",NA,NA
"1074",68,2,"South",NA,NA
"1075",69,2,"South",NA,NA
"1076",70,2,"South",NA,NA
"1077",71,2,"South",NA,NA
"1078",72,2,"South",NA,NA
"1079",73,2,"South",NA,NA
"1080",74,2,"South",NA,NA
"1081",75,2,"South",NA,NA
"1082",76,2,"South",NA,NA
"1083",77,2,"South",NA,NA
"1084",78,2,"South",NA,NA
"1085",79,2,"South",NA,NA
"1086",80,2,"South",NA,NA
"1087",81,2,"South",NA,NA
"1088",82,2,"South",NA,NA
"1089",83,2,"South",NA,NA
"1090",84,2,"South",NA,NA
"1091",85,2,"South",NA,NA
"1092",86,2,"South",NA,NA
"1093",87,2,"South",NA,NA
"1094",88,2,"South",NA,NA
"1095",89,2,"South",NA,NA
"1096",90,2,"South",NA,NA
"1097",91,2,"South",NA,NA
"1098",92,2,"South",NA,NA
"1099",93,2,"South",NA,NA
"1100",94,2,"South",NA,NA
"1101",95,2,"South",NA,NA
"1102",96,2,"South",NA,NA
"1103",97,2,"South",NA,NA
"1104",98,2,"South",NA,NA
"1105",99,2,"South",NA,NA
"1106",100,2,"South",NA,NA
"1107",101,2,"South",NA,NA
"1108",102,2,"South",NA,NA
"1109",103,2,"South",NA,NA
"1110",104,2,"South",NA,NA
"1111",105,2,"South",NA,NA
"1112",106,2,"South",NA,NA
"1113",107,2,"South",NA,NA
"1114",108,2,"South",NA,NA
"1115",109,2,"South",NA,NA
"1116",110,2,"South",NA,NA
"1117",111,2,"South",NA,NA
"1118",112,2,"South",NA,NA
"1119",113,2,"South",NA,NA
"1120",114,2,"South",NA,NA
"1121",115,2,"South",NA,NA
"1122",116,2,"South",NA,NA
"1123",117,2,"South",NA,NA
"1124",118,2,"South",NA,NA
"1125",119,2,"South",NA,NA
"1126",120,2,"South",NA,NA
"1127",121,2,"South",NA,NA
"1128",122,2,"South",NA,NA
"1129",123,2,"South",NA,NA
"1130",124,2,"South",NA,NA
"1131",125,2,"South",NA,NA
"1132",126,2,"South",NA,NA
"1133",127,2,"South",NA,NA
"1134",128,2,"South",NA,NA
"1135",129,2,"South",NA,NA
"1136",130,2,"South",NA,NA
"1137",131,2,"South",NA,NA
"1138",132,2,"South",NA,NA
"1139",133,2,"South",NA,NA
"1140",134,2,"South",NA,NA
"1141",135,2,"South",NA,NA
"1142",136,2,"South",NA,NA
"1143",137,2,"South",NA,NA
"1144",138,2,"South",NA,NA
"1145",139,2,"South",NA,NA
"1146",140,2,"South",NA,NA
"1147",141,2,"South",NA,NA
"1148",142,2,"South",NA,NA
"1149",143,2,"South",NA,NA
"1150",144,2,"South",NA,NA
"1151",145,2,"South",NA,NA
"1152",146,2,"South",NA,NA
"1153",147,2,"South",NA,NA
"1154",148,2,"South",NA,NA
"1155",149,2,"South",NA,NA
"1156",150,2,"South",NA,NA
"1157",151,2,"South",NA,NA
"1158",152,2,"South",NA,NA
"1159",153,2,"South",NA,NA
"1160",154,2,"South",NA,NA
"1161",155,2,"South",NA,NA
"1162",156,2,"South",NA,NA
"1163",157,2,"South",NA,NA
"1164",158,2,"South",NA,NA
"1165",159,2,"South",NA,NA
"1166",160,2,"South",NA,NA
"1167",161,2,"South",NA,NA
"1168",162,2,"South",NA,NA
"1169",163,2,"South",NA,NA
"1170",164,2,"South",NA,NA
"1171",165,2,"South",NA,NA
"1172",166,2,"South",NA,NA
"1173",167,2,"South",NA,NA
"1174",168,2,"South",NA,NA
"1175",169,2,"South",NA,NA
"1176",170,2,"South",NA,NA
"1177",171,2,"South",NA,NA
"1178",172,2,"South",NA,NA
"1179",173,2,"South",NA,NA
"1180",174,2,"South",NA,NA
"1181",175,2,"South",NA,NA
"1182",176,2,"South",NA,NA
"1183",177,2,"South",NA,NA
"1184",178,2,"South",NA,NA
"1185",179,2,"South",NA,NA
"1186",180,2,"South",NA,NA
"1187",181,2,"South",NA,NA
"1188",182,2,"South",NA,NA
"1189",183,2,"South",NA,NA
"1190",184,2,"South",NA,NA
"1191",185,2,"South",NA,NA
"1192",186,2,"South",NA,NA
"1193",187,2,"South",NA,NA
"1194",188,2,"South",NA,NA
"1195",189,2,"South",NA,NA
"1196",190,2,"South",NA,NA
"1197",191,2,"South",NA,NA
"1198",192,2,"South",NA,NA
"1199",193,2,"South",NA,NA
"1200",194,2,"South",NA,NA
"1201",195,2,"South",NA,NA
"1202",196,2,"South",NA,NA
"1203",197,2,"South",NA,NA
"1204",198,2,"South",NA,NA
"1205",199,2,"South",NA,NA
"1206",200,2,"South",NA,NA
"1207",0,3,"South",NA,NA
"1208",1,3,"South",NA,NA
"1209",2,3,"South",NA,NA
"1210",3,3,"South",NA,NA
"1211",4,3,"South",NA,NA
"1212",5,3,"South",NA,NA
"1213",6,3,"South",NA,NA
"1214",7,3,"South",NA,NA
"1215",8,3,"South",NA,NA
"1216",9,3,"South",NA,NA
"1217",10,3,"South",NA,NA
"1218",11,3,"South",NA,NA
"1219",12,3,"South",NA,NA
"1220",13,3,"South",NA,NA
"1221",14,3,"South",NA,NA
"1222",15,3,"South",NA,NA
"1223",16,3,"South",NA,NA
"1224",17,3,"South",NA,NA
"1225",18,3,"South",NA,NA
"1226",19,3,"South",NA,NA
"1227",20,3,"South",NA,NA
"1228",21,3,"South",NA,NA
"1229",22,3,"South",NA,NA
"1230",23,3,"South",NA,NA
"1231",24,3,"South",NA,NA
"1232",25,3,"South",NA,NA
"1233",26,3,"South",NA,NA
"1234",27,3,"South",NA,NA
"1235",28,3,"South",NA,NA
"1236",29,3,"South",NA,NA
"1237",30,3,"South",NA,NA
"1238",31,3,"South",NA,NA
"1239",32,3,"South",NA,NA
"1240",33,3,"South",NA,NA
"1241",34,3,"South",NA,NA
"1242",35,3,"South",NA,NA
"1243",36,3,"South",NA,NA
"1244",37,3,"South",NA,NA
"1245",38,3,"South",NA,NA
"1246",39,3,"South",NA,NA
"1247",40,3,"South",NA,NA
"1248",41,3,"South",NA,NA
"1249",42,3,"South",NA,NA
"1250",43,3,"South",NA,NA
"1251",44,3,"South",NA,NA
"1252",45,3,"South",NA,NA
"1253",46,3,"South",NA,NA
"1254",47,3,"South",NA,NA
"1255",48,3,"South",NA,NA
"1256",49,3,"South",NA,NA
"1257",50,3,"South",NA,NA
"1258",51,3,"South",NA,NA
"1259",52,3,"South",NA,NA
"1260",53,3,"South",NA,NA
"1261",54,3,"South",NA,NA
"1262",55,3,"South",NA,NA
"1263",56,3,"South",NA,NA
"1264",57,3,"South",NA,NA
"1265",58,3,"South",NA,NA
"1266",59,3,"South",NA,NA
"1267",60,3,"South",NA,NA
"1268",61,3,"South",NA,NA
"1269",62,3,"South",NA,NA
"1270",63,3,"South",NA,NA
"1271",64,3,"South",NA,NA
"1272",65,3,"South",NA,NA
"1273",66,3,"South",NA,NA
"1274",67,3,"South",NA,NA
"1275",68,3,"South",NA,NA
"1276",69,3,"South",NA,NA
"1277",70,3,"South",NA,NA
"1278",71,3,"South",NA,NA
"1279",72,3,"South",NA,NA
"1280",73,3,"South",NA,NA
"1281",74,3,"South",NA,NA
"1282",75,3,"South",NA,NA
"1283",76,3,"South",NA,NA
"1284",77,3,"South",NA,NA
"1285",78,3,"South",NA,NA
"1286",79,3,"South",NA,NA
"1287",80,3,"South",NA,NA
"1288",81,3,"South",NA,NA
"1289",82,3,"South",NA,NA
"1290",83,3,"South",NA,NA
"1291",84,3,"South",NA,NA
"1292",85,3,"South",NA,NA
"1293",86,3,"South",NA,NA
"1294",87,3,"South",NA,NA
"1295",88,3,"South",NA,NA
"1296",89,3,"South",NA,NA
"1297",90,3,"South",NA,NA
"1298",91,3,"South",NA,NA
"1299",92,3,"South",NA,NA
"1300",93,3,"South",NA,NA
"1301",94,3,"South",NA,NA
"1302",95,3,"South",NA,NA
"1303",96,3,"South",NA,NA
"1304",97,3,"South",NA,NA
"1305",98,3,"South",NA,NA
"1306",99,3,"South",NA,NA
"1307",100,3,"South",NA,NA
"1308",101,3,"South",NA,NA
"1309",102,3,"South",NA,NA
"1310",103,3,"South",NA,NA
"1311",104,3,"South",NA,NA
"1312",105,3,"South",NA,NA
"1313",106,3,"South",NA,NA
"1314",107,3,"South",NA,NA
"1315",108,3,"South",NA,NA
"1316",109,3,"South",NA,NA
"1317",110,3,"South",NA,NA
"1318",111,3,"South",NA,NA
"1319",112,3,"South",NA,NA
"1320",113,3,"South",NA,NA
"1321",114,3,"South",NA,NA
"1322",115,3,"South",NA,NA
"1323",116,3,"South",NA,NA
"1324",117,3,"South",NA,NA
"1325",118,3,"South",NA,NA
"1326",119,3,"South",NA,NA
"1327",120,3,"South",NA,NA
"1328",121,3,"South",NA,NA
"1329",122,3,"South",NA,NA
"1330",123,3,"South",NA,NA
"1331",124,3,"South",NA,NA
"1332",125,3,"South",NA,NA
"1333",126,3,"South",NA,NA
"1334",127,3,"South",NA,NA
"1335",128,3,"South",NA,NA
"1336",129,3,"South",NA,NA
"1337",130,3,"South",NA,NA
"1338",131,3,"South",NA,NA
"1339",132,3,"South",NA,NA
"1340",133,3,"South",NA,NA
"1341",134,3,"South",NA,NA
"1342",135,3,"South",NA,NA
"1343",136,3,"South",NA,NA
"1344",137,3,"South",NA,NA
"1345",138,3,"South",NA,NA
"1346",139,3,"South",NA,NA
"1347",140,3,"South",NA,NA
"1348",141,3,"South",NA,NA
"1349",142,3,"South",NA,NA
"1350",143,3,"South",NA,NA
"1351",144,3,"South",NA,NA
"1352",145,3,"South",NA,NA
"1353",146,3,"South",NA,NA
"1354",147,3,"South",NA,NA
"1355",148,3,"South",NA,NA
"1356",149,3,"South",NA,NA
"1357",150,3,"South",NA,NA
"1358",151,3,"South",NA,NA
"1359",152,3,"South",NA,NA
"1360",153,3,"South",NA,NA
"1361",154,3,"South",NA,NA
"1362",155,3,"South",NA,NA
"1363",156,3,"South",NA,NA
"1364",157,3,"South",NA,NA
"1365",158,3,"South",NA,NA
"1366",159,3,"South",NA,NA
"1367",160,3,"South",NA,NA
"1368",161,3,"South",NA,NA
"1369",162,3,"South",NA,NA
"1370",163,3,"South",NA,NA
"1371",164,3,"South",NA,NA
"1372",165,3,"South",NA,NA
"1373",166,3,"South",NA,NA
"1374",167,3,"South",NA,NA
"1375",168,3,"South",NA,NA
"1376",169,3,"South",NA,NA
"1377",170,3,"South",NA,NA
"1378",171,3,"South",NA,NA
"1379",172,3,"South",NA,NA
"1380",173,3,"South",NA,NA
"1381",174,3,"South",NA,NA
"1382",175,3,"South",NA,NA
"1383",176,3,"South",NA,NA
"1384",177,3,"South",NA,NA
"1385",178,3,"South",NA,NA
"1386",179,3,"South",NA,NA
"1387",180,3,"South",NA,NA
"1388",181,3,"South",NA,NA
"1389",182,3,"South",NA,NA
"1390",183,3,"South",NA,NA
"1391",184,3,"South",NA,NA
"1392",185,3,"South",NA,NA
"1393",186,3,"South",NA,NA
"1394",187,3,"South",NA,NA
"1395",188,3,"South",NA,NA
"1396",189,3,"South",NA,NA
"1397",190,3,"South",NA,NA
"1398",191,3,"South",NA,NA
"1399",192,3,"South",NA,NA
"1400",193,3,"South",NA,NA
"1401",194,3,"South",NA,NA
"1402",195,3,"South",NA,NA
"1403",196,3,"South",NA,NA
"1404",197,3,"South",NA,NA
"1405",198,3,"South",NA,NA
"1406",199,3,"South",NA,NA
"1407",200,3,"South",NA,NA
"1408",0,4,"South",NA,NA
"1409",1,4,"South",NA,NA
"1410",2,4,"South",NA,NA
"1411",3,4,"South",NA,NA
"1412",4,4,"South",NA,NA
"1413",5,4,"South",NA,NA
"1414",6,4,"South",NA,NA
"1415",7,4,"South",NA,NA
"1416",8,4,"South",NA,NA
"1417",9,4,"South",NA,NA
"1418",10,4,"South",NA,NA
"1419",11,4,"South",NA,NA
"1420",12,4,"South",NA,NA
"1421",13,4,"South",NA,NA
"1422",14,4,"South",NA,NA
"1423",15,4,"South",NA,NA
"1424",16,4,"South",NA,NA
"1425",17,4,"South",NA,NA
"1426",18,4,"South",NA,NA
"1427",19,4,"South",NA,NA
"1428",20,4,"South",NA,NA
"1429",21,4,"South",NA,NA
"1430",22,4,"South",NA,NA
"1431",23,4,"South",NA,NA
"1432",24,4,"South",NA,NA
"1433",25,4,"South",NA,NA
"1434",26,4,"South",NA,NA
"1435",27,4,"South",NA,NA
"1436",28,4,"South",NA,NA
"1437",29,4,"South",NA,NA
"1438",30,4,"South",NA,NA
"1439",31,4,"South",NA,NA
"1440",32,4,"South",NA,NA
"1441",33,4,"South",NA,NA
"1442",34,4,"South",NA,NA
"1443",35,4,"South",NA,NA
"1444",36,4,"South",NA,NA
"1445",37,4,"South",NA,NA
"1446",38,4,"South",NA,NA
"1447",39,4,"South",NA,NA
"1448",40,4,"South",NA,NA
"1449",41,4,"South",NA,NA
"1450",42,4,"South",NA,NA
"1451",43,4,"South",NA,NA
"1452",44,4,"South",NA,NA
"1453",45,4,"South",NA,NA
"1454",46,4,"South",NA,NA
"1455",47,4,"South",NA,NA
"1456",48,4,"South",NA,NA
"1457",49,4,"South",NA,NA
"1458",50,4,"South",NA,NA
"1459",51,4,"South",NA,NA
"1460",52,4,"South",NA,NA
"1461",53,4,"South",NA,NA
"1462",54,4,"South",NA,NA
"1463",55,4,"South",NA,NA
"1464",56,4,"South",NA,NA
"1465",57,4,"South",NA,NA
"1466",58,4,"South",NA,NA
"1467",59,4,"South",NA,NA
"1468",60,4,"South",NA,NA
"1469",61,4,"South",NA,NA
"1470",62,4,"South",NA,NA
"1471",63,4,"South",NA,NA
"1472",64,4,"South",NA,NA
"1473",65,4,"South",NA,NA
"1474",66,4,"South",NA,NA
"1475",67,4,"South",NA,NA
"1476",68,4,"South",NA,NA
"1477",69,4,"South",NA,NA
"1478",70,4,"South",NA,NA
"1479",71,4,"South",NA,NA
"1480",72,4,"South",NA,NA
"1481",73,4,"South",NA,NA
"1482",74,4,"South",NA,NA
"1483",75,4,"South",NA,NA
"1484",76,4,"South",NA,NA
"1485",77,4,"South",NA,NA
"1486",78,4,"South",NA,NA
"1487",79,4,"South",NA,NA
"1488",80,4,"South",NA,NA
"1489",81,4,"South",NA,NA
"1490",82,4,"South",NA,NA
"1491",83,4,"South",NA,NA
"1492",84,4,"South",NA,NA
"1493",85,4,"South",NA,NA
"1494",86,4,"South",NA,NA
"1495",87,4,"South",NA,NA
"1496",88,4,"South",NA,NA
"1497",89,4,"South",NA,NA
"1498",90,4,"South",NA,NA
"1499",91,4,"South",NA,NA
"1500",92,4,"South",NA,NA
"1501",93,4,"South",NA,NA
"1502",94,4,"South",NA,NA
"1503",95,4,"South",NA,NA
"1504",96,4,"South",NA,NA
"1505",97,4,"South",NA,NA
"1506",98,4,"South",NA,NA
"1507",99,4,"South",NA,NA
"1508",100,4,"South",NA,NA
"1509",101,4,"South",NA,NA
"1510",102,4,"South",NA,NA
"1511",103,4,"South",NA,NA
"1512",104,4,"South",NA,NA
"1513",105,4,"South",NA,NA
"1514",106,4,"South",NA,NA
"1515",107,4,"South",NA,NA
"1516",108,4,"South",NA,NA
"1517",109,4,"South",NA,NA
"1518",110,4,"South",NA,NA
"1519",111,4,"South",NA,NA
"1520",112,4,"South",NA,NA
"1521",113,4,"South",NA,NA
"1522",114,4,"South",NA,NA
"1523",115,4,"South",NA,NA
"1524",116,4,"South",NA,NA
"1525",117,4,"South",NA,NA
"1526",118,4,"South",NA,NA
"1527",119,4,"South",NA,NA
"1528",120,4,"South",NA,NA
"1529",121,4,"South",NA,NA
"1530",122,4,"South",NA,NA
"1531",123,4,"South",NA,NA
"1532",124,4,"South",NA,NA
"1533",125,4,"South",NA,NA
"1534",126,4,"South",NA,NA
"1535",127,4,"South",NA,NA
"1536",128,4,"South",NA,NA
"1537",129,4,"South",NA,NA
"1538",130,4,"South",NA,NA
"1539",131,4,"South",NA,NA
"1540",132,4,"South",NA,NA
"1541",133,4,"South",NA,NA
"1542",134,4,"South",NA,NA
"1543",135,4,"South",NA,NA
"1544",136,4,"South",NA,NA
"1545",137,4,"South",NA,NA
"1546",138,4,"South",NA,NA
"1547",139,4,"South",NA,NA
"1548",140,4,"South",NA,NA
"1549",141,4,"South",NA,NA
"1550",142,4,"South",NA,NA
"1551",143,4,"South",NA,NA
"1552",144,4,"South",NA,NA
"1553",145,4,"South",NA,NA
"1554",146,4,"South",NA,NA
"1555",147,4,"South",NA,NA
"1556",148,4,"South",NA,NA
"1557",149,4,"South",NA,NA
"1558",150,4,"South",NA,NA
"1559",151,4,"South",NA,NA
"1560",152,4,"South",NA,NA
"1561",153,4,"South",NA,NA
"1562",154,4,"South",NA,NA
"1563",155,4,"South",NA,NA
"1564",156,4,"South",NA,NA
"1565",157,4,"South",NA,NA
"1566",158,4,"South",NA,NA
"1567",159,4,"South",NA,NA
"1568",160,4,"South",NA,NA
"1569",161,4,"South",NA,NA
"1570",162,4,"South",NA,NA
"1571",163,4,"South",NA,NA
"1572",164,4,"South",NA,NA
"1573",165,4,"South",NA,NA
"1574",166,4,"South",NA,NA
"1575",167,4,"South",NA,NA
"1576",168,4,"South",NA,NA
"1577",169,4,"South",NA,NA
"1578",170,4,"South",NA,NA
"1579",171,4,"South",NA,NA
"1580",172,4,"South",NA,NA
"1581",173,4,"South",NA,NA
"1582",174,4,"South",NA,NA
"1583",175,4,"South",NA,NA
"1584",176,4,"South",NA,NA
"1585",177,4,"South",NA,NA
"1586",178,4,"South",NA,NA
"1587",179,4,"South",NA,NA
"1588",180,4,"South",NA,NA
"1589",181,4,"South",NA,NA
"1590",182,4,"South",NA,NA
"1591",183,4,"South",NA,NA
"1592",184,4,"South",NA,NA
"1593",185,4,"South",NA,NA
"1594",186,4,"South",NA,NA
"1595",187,4,"South",NA,NA
"1596",188,4,"South",NA,NA
"1597",189,4,"South",NA,NA
"1598",190,4,"South",NA,NA
"1599",191,4,"South",NA,NA
"1600",192,4,"South",NA,NA
"1601",193,4,"South",NA,NA
"1602",194,4,"South",NA,NA
"1603",195,4,"South",NA,NA
"1604",196,4,"South",NA,NA
"1605",197,4,"South",NA,NA
"1606",198,4,"South",NA,NA
"1607",199,4,"South",NA,NA
"1608",200,4,"South",NA,NA
